,Libro
0,/libro-recetas-para-el-buen-sexo/9788496851405/1852595
1,/libro-recetas-para-el-buen-sexo/9788496851405/1852595
2,
3,/libro-un-nuevo-amanecer-thermomix-tm21/9788461222995/1699730
4,/libro-un-nuevo-amanecer-thermomix-tm21/9788461222995/1699730
5,
6,/libro-imprescindible-tm-31-thermomix/9788461360161/1686691
7,/libro-imprescindible-tm-31-thermomix/9788461360161/1686691
8,
9,/libro-cocina-a-todo-vapor/9788475566641/1691408
10,/libro-cocina-a-todo-vapor/9788475566641/1691408
11,/libros-ebooks/hilda-parisi-uranga/71752
12,/libro-la-enciclopedia-de-los-sabores/9788499920139/1893668
13,/libro-la-enciclopedia-de-los-sabores/9788499920139/1893668
14,/libros-ebooks/niki-segnit/20077451
15,/libro-el-arte-de-la-cocina-francesa/9788499922973/2194313
16,/libro-el-arte-de-la-cocina-francesa/9788499922973/2194313
17,/libros-ebooks/julia-child/20094771
18,/libro-velocidad-cuchara-cocina-rico-todos-los-dias/9788441544901/12600190
19,/libro-velocidad-cuchara-cocina-rico-todos-los-dias/9788441544901/12600190
20,/libros-ebooks/rosa-arda/20109107
21,/libro-las-recetas-de-saul-craviotto/9788441544932/12600260
22,/libro-las-recetas-de-saul-craviotto/9788441544932/12600260
23,/libros-ebooks/saul-craviotto/20099610
24,/libro-green-mama/9788417080938/12591237
25,/libro-green-mama/9788417080938/12591237
26,
27,/libro-las-cocinas-de-gaza/9788412166286/12651618
28,/libro-las-cocinas-de-gaza/9788412166286/12651618
29,/libros-ebooks/maggie-schmitt/20114126
30,/libros-ebooks/laila-el-haddad/20114127
31,/libro-recetas-del-mundo-de-tolkien/9788445009130/12055335
32,/libro-recetas-del-mundo-de-tolkien/9788445009130/12055335
33,/libros-ebooks/robert-tuelsey-anderson/20110028
34,/libro-la-cocina-de-loli-dominguez-2-ed-ampliada/9788412356502/12364530
35,/libro-la-cocina-de-loli-dominguez-2-ed-ampliada/9788412356502/12364530
36,
37,/libro-manual-de-reposteria-ed-facsimil--de-la-ed-de-1747/9788497610650/948011
38,/libro-manual-de-reposteria-ed-facsimil--de-la-ed-de-1747/9788497610650/948011
39,
40,/libro-recetas-de-temporada/9788496177055/950443
41,/libro-recetas-de-temporada/9788496177055/950443
42,/libros-ebooks/karlos-arguinano/10732
43,/libro-lera-gastronomia-cultura-y-caza/9788472121843/11685653
44,/libro-lera-gastronomia-cultura-y-caza/9788472121843/11685653
45,
46,/libro-friends-el-libro-de-cocina-oficial/9788416670994/11705550
47,/libro-friends-el-libro-de-cocina-oficial/9788416670994/11705550
48,/libros-ebooks/amanda-yee/20108690
49,/libro-el-metodo-del-plato-recetas-faciles-para-planificar-tus-menus-y-comer-de-manera-saludable/9788408229896/11918768
50,/libro-el-metodo-del-plato-recetas-faciles-para-planificar-tus-menus-y-comer-de-manera-saludable/9788408229896/11918768
51,/libros-ebooks/adriana-oroz-lacunza/20109845
52,/libro-la-cocina-de-hogwarts/9788418174728/12471053
53,/libro-la-cocina-de-hogwarts/9788418174728/12471053
54,/libros-ebooks/joanna-farrow/49828
55,/libro-bachour-gastro-ed-bilingue-inglesespanol/9788412131437/11922185
56,/libro-bachour-gastro-ed-bilingue-inglesespanol/9788412131437/11922185
57,/libros-ebooks/antonio-bachour/20113080
58,/libro-pasteles-de-martha-stewart/9788426140791/2395294
59,/libro-pasteles-de-martha-stewart/9788426140791/2395294
60,/libros-ebooks/martha-stewart/50154
61,/libro-candy-los-postres-de-elbarri/9788491876052/12596615
62,/libro-candy-los-postres-de-elbarri/9788491876052/12596615
63,/libros-ebooks/albert-adria/59972
64,/libros-ebooks/david-gil/20114349
65,/libro-pan-comido/9788418056949/12480837
66,/libro-pan-comido/9788418056949/12480837
67,/libros-ebooks/david-de-jorge/97487
68,/libros-ebooks/martin-berasategui/44149
69,/libro-confesiones-de-un-chef/9788492966851/6460369
70,/libro-confesiones-de-un-chef/9788492966851/6460369
71,/libros-ebooks/anthony-bourdain/40576
72,/libro-las-1150-recetas-definitivas/9788417338824/9179540
73,/libro-las-1150-recetas-definitivas/9788417338824/9179540
74,/libros-ebooks/martin-berasategui/44149
75,/libro-vinos-5-la-cata-como-actividad-elbullifoundation/9788409328178/12596614
76,/libro-vinos-5-la-cata-como-actividad-elbullifoundation/9788409328178/12596614
77,
78,/libro-el-arte-de-hacer-queso/9788412033496/12593896
79,/libro-el-arte-de-hacer-queso/9788412033496/12593896
80,/libros-ebooks/david-asher-rotsztain/20114099
81,/libro-sabores/9788418107924/12480902
82,/libro-sabores/9788418107924/12480902
83,/libros-ebooks/yotam-ottolenghi/20080569
84,/libro-amasando-con-sylvain-vernay-panaderia-y-reposteria-en-casa/9788418473982/12492627
85,/libro-amasando-con-sylvain-vernay-panaderia-y-reposteria-en-casa/9788418473982/12492627
86,/libros-ebooks/sylvain-vernay/20112873
87,/libro-el-placer-de-comer-sin-remordimientos-mis-recetas-mas-brutales/9788467060911/12033508
88,/libro-el-placer-de-comer-sin-remordimientos-mis-recetas-mas-brutales/9788467060911/12033508
89,/libros-ebooks/chef-bosquet/20107807
90,/libro-el-metodo-creativo-espaisucre/9788408231219/12461217
91,/libro-el-metodo-creativo-espaisucre/9788408231219/12461217
92,/libros-ebooks/jordi-butron/20112457
93,/libro-cenas-para-peques-la-forma-mas-facil-rapida-y-sana-de-dar-de-comer-a-los-mas-pequenos-de-la-casa/9788417057985/10042817
94,/libro-cenas-para-peques-la-forma-mas-facil-rapida-y-sana-de-dar-de-comer-a-los-mas-pequenos-de-la-casa/9788417057985/10042817
95,/libros-ebooks/maria-marin-alonso/20106981
96,/libro-la-guia-de-fermentacion-de-noma/9788415887355/10045854
97,/libro-la-guia-de-fermentacion-de-noma/9788415887355/10045854
98,/libros-ebooks/rene-redzepi/20107178
99,/libros-ebooks/david-zilber/20107179
100,/libro-historia-de-la-gastronomia/9788417636487/10039729
101,/libro-historia-de-la-gastronomia/9788417636487/10039729
102,/libros-ebooks/nestor-lujan/54288
103,/libro-comer-es-una-historia/9788408184713/6320028
104,/libro-comer-es-una-historia/9788408184713/6320028
105,/libros-ebooks/oscar-caballero/8807
106,/libro-cocina-en-2-h-para-toda-la-semana/9788408205371/9024561
107,/libro-cocina-en-2-h-para-toda-la-semana/9788408205371/9024561
108,/libros-ebooks/caroline-pessin/20104350
109,/libro-cocina-madre/9788408202189/9027237
110,/libro-cocina-madre/9788408202189/9027237
111,/libros-ebooks/joan-roca/96311
112,/libro-experto-en-vino-en-24-horas/9788408202011/8520620
113,/libro-experto-en-vino-en-24-horas/9788408202011/8520620
114,/libros-ebooks/jancis-robinson/28341
115,/libro-el-cuaderno-del-bosque/9788417305024/7128370
116,/libro-el-cuaderno-del-bosque/9788417305024/7128370
117,/libros-ebooks/dulcinea/20098969
118,/libro-taller-de-hamburguesas-vegetarianas/9788441540477/7363824
119,/libro-taller-de-hamburguesas-vegetarianas/9788441540477/7363824
120,
121,/libro-cocina-ayurveda-para-la-autocuracion-principios-ayurvedicos-recetas-vegetarianas-y-guia-de-alimentos-curativos-para-vata----pitta-y-kapha/9788484457848/9207193
122,/libro-cocina-ayurveda-para-la-autocuracion-principios-ayurvedicos-recetas-vegetarianas-y-guia-de-alimentos-curativos-para-vata----pitta-y-kapha/9788484457848/9207193
123,/libros-ebooks/vasant-lad/20104927
124,/libro-cocina-verde/9788408171904/5298891
125,/libro-cocina-verde/9788408171904/5298891
126,/libros-ebooks/rodrigo-de-la-calle/155926
127,/libro-recetas-para-estimular-la-salud-a-partir-de-los-40/9788416965762/6233731
128,/libro-recetas-para-estimular-la-salud-a-partir-de-los-40/9788416965762/6233731
129,/libros-ebooks/mimi-spencer/20088908
130,
131,
132,/libro-exquisitas-tostadas-mas-de-setenta-recetas-de-cosas-deliciosas-sobre-una-tostada/9788417492441/8401322
133,/libro-exquisitas-tostadas-mas-de-setenta-recetas-de-cosas-deliciosas-sobre-una-tostada/9788417492441/8401322
134,
135,/libro-el-gran-pastelero-bake-off-espana/9788408201540/9032629
136,/libro-el-gran-pastelero-bake-off-espana/9788408201540/9032629
137,
138,/libro-cocina-para-triunfar-anna-recetas-faciles/9788427045316/9002188
139,/libro-cocina-para-triunfar-anna-recetas-faciles/9788427045316/9002188
140,/libros-ebooks/anna-teres/20104111
141,/libro-pan-baluard-secretos-y-recetas-de-un-horno-emblematico/9788417167134/8876122
142,/libro-pan-baluard-secretos-y-recetas-de-un-horno-emblematico/9788417167134/8876122
143,/libros-ebooks/anna-bellsola/152180
144,/libro-a-bocados/9788491065678/8530791
145,/libro-a-bocados/9788491065678/8530791
146,/libros-ebooks/ander-gonzalez/20103395
147,/libros-ebooks/gabriela-uriarte/20103396
148,/libro-superfacil-platos-unicos/9789089988492/5250642
149,/libro-superfacil-platos-unicos/9789089988492/5250642
150,
151,/libro-el-libro-de-la-paella-y-de-los-arroces/9788491047544/5405984
152,/libro-el-libro-de-la-paella-y-de-los-arroces/9788491047544/5405984
153,/libros-ebooks/lourdes-march/29017
154,/libro-cocina-facil-para-dummies/9788432904035/5813318
155,/libro-cocina-facil-para-dummies/9788432904035/5813318
156,/libros-ebooks/ines-ortega/51608
157,/libro-5-ingredientes-platos-faciles-y-rapidos/9788416895397/5817022
158,/libro-5-ingredientes-platos-faciles-y-rapidos/9788416895397/5817022
159,/libros-ebooks/jamie-oliver/102184
160,/libro-nuevo-arte-de-la-cocina-espanola-de-juan-altamiras/9788434425309/5807373
161,/libro-nuevo-arte-de-la-cocina-espanola-de-juan-altamiras/9788434425309/5807373
162,/libros-ebooks/vicky-hayward/37156
163,/libro-sake-la-seda-liquida/9788408182030/6168575
164,/libro-sake-la-seda-liquida/9788408182030/6168575
165,/libros-ebooks/antonio-campins/93557
166,/libro-cocina-con-las-recetas-mas-frikis-recetas-no-oficiales-de-minecraft-juego-de-tronos-harry-potter-twin-peaks-y-mucho---mas/9788448023812/6188145
167,/libro-cocina-con-las-recetas-mas-frikis-recetas-no-oficiales-de-minecraft-juego-de-tronos-harry-potter-twin-peaks-y-mucho---mas/9788448023812/6188145
168,/libros-ebooks/cassandra-reeder/20100486
169,/libro-el-restaurante-manual-profesional/9788474870640/464723
170,/libro-el-restaurante-manual-profesional/9788474870640/464723
171,
172,
173,/libro-la-cocina-mexicana-de-socorro-y-fernando-del-paso/9786071644190/5232317
174,/libro-la-cocina-mexicana-de-socorro-y-fernando-del-paso/9786071644190/5232317
175,
176,/libros-ebooks/fernando-del-paso/17197
177,/libro-pan-casero-2-ed/9788416984121/5220462
178,/libro-pan-casero-2-ed/9788416984121/5220462
179,/libros-ebooks/iban-yarza/20092678
180,/libro-cuba-gastronomia/9780714876771/7099807
181,/libro-cuba-gastronomia/9780714876771/7099807
182,
183,
184,/libro-sal-grasa-acido-calor-el-arte-de-dominar-los-cuatro-elementos-de-la-buena-cocina/9788415887270/7261416
185,/libro-sal-grasa-acido-calor-el-arte-de-dominar-los-cuatro-elementos-de-la-buena-cocina/9788415887270/7261416
186,
187,/libros-ebooks/wendy-macnaughton/20094213
188,/libro-els-musclos-com-preparar-los-12-vegades/9788494611261/5298760
189,/libro-els-musclos-com-preparar-los-12-vegades/9788494611261/5298760
190,
191,/libro-cocina-murciana-101-recetas/9788416900831/7252777
192,/libro-cocina-murciana-101-recetas/9788416900831/7252777
193,
194,/libro-cocina-dulce-con-slow-cooker/9788417273644/7406646
195,/libro-cocina-dulce-con-slow-cooker/9788417273644/7406646
196,/libros-ebooks/marta-miranda-arbizu/20098696
197,/libro-pintxos-y-tapas/9788441540668/7363830
198,/libro-pintxos-y-tapas/9788441540668/7363830
199,/libros-ebooks/koldo-royo/20223
200,/libro-cocina-con-carmen/9788441540743/7572828
201,/libro-cocina-con-carmen/9788441540743/7572828
202,/libros-ebooks/carmen-butron/20103659
203,/libro-delicias-para-sorprender/9788441540729/7572827
204,/libro-delicias-para-sorprender/9788441540729/7572827
205,/libros-ebooks/pamela-sanchez-sotomayor/20103280
206,/libro-al-grano-la-guia-para-comprar-preparar-y-degustar-el-mejor-caf-e-edicion-actualizada-y-ampliada/9788441540071/6427817
207,/libro-al-grano-la-guia-para-comprar-preparar-y-degustar-el-mejor-caf-e-edicion-actualizada-y-ampliada/9788441540071/6427817
208,/libros-ebooks/kim-ossenblok/20097677
209,/libro-being-biotiful-comidas-deliciosas-rapidas-y-saludables-con-el-metodo-batch-cook/9788417338343/9069204
210,/libro-being-biotiful-comidas-deliciosas-rapidas-y-saludables-con-el-metodo-batch-cook/9788417338343/9069204
211,/libros-ebooks/chloe-sucree/20104665
212,/libro-las-recetas-de-miri/9788408201472/9110587
213,/libro-las-recetas-de-miri/9788408201472/9110587
214,/libros-ebooks/miri/20104975
215,/libro-seis-estaciones-la-nueva-cocina-con-vegetales/9788415887294/9476035
216,/libro-seis-estaciones-la-nueva-cocina-con-vegetales/9788415887294/9476035
217,/libros-ebooks/joshua-mcfadden/20105615
218,/libros-ebooks/martha-holmberg/20105616
219,/libro-50-chefs-que-necesitas-conocer-para-ser-un-buen-foodie/9788408208327/9182875
220,/libro-50-chefs-que-necesitas-conocer-para-ser-un-buen-foodie/9788408208327/9182875
221,
222,/libro-las-100-mejores-recetas-de-isasaweis/9788441541306/9169132
223,/libro-las-100-mejores-recetas-de-isasaweis/9788441541306/9169132
224,/libros-ebooks/isasaweis/157428
225,/libro-que-viva-la-cocina/9788417338404/9179493
226,/libro-que-viva-la-cocina/9788417338404/9179493
227,/libros-ebooks/gorka-barredo/20105871
228,/libro-en-boca-de-todos/9788417664251/9179526
229,/libro-en-boca-de-todos/9788417664251/9179526
230,/libros-ebooks/juan-llorca/20102754
231,/libro-pe-recetas-para-un-verano-italiano/9780714861289/1837011
232,/libro-pe-recetas-para-un-verano-italiano/9780714861289/1837011
233,
234,/libro-la-buena-cocina-como-preparar-los-mejores-platos-y-recetas/9788483069318/1802726
235,/libro-la-buena-cocina-como-preparar-los-mejores-platos-y-recetas/9788483069318/1802726
236,/libros-ebooks/harold-mcgee/8200
237,/libro-atrevete-a-cocinar/9788496177345/1164772
238,/libro-atrevete-a-cocinar/9788496177345/1164772
239,/libros-ebooks/karlos-arguinano/10732
240,/libro-postres-deliciosos/9788496177574/1840854
241,/libro-postres-deliciosos/9788496177574/1840854
242,/libros-ebooks/eva-arguinano/620
243,/libro-la-mesa-moderna-cartas-sobre-el-comedor-y-la-cocina-cambiadas-en-tre-el-doctor-thebussem-y-un-cocinero-de-sm-ed-facsimil/9788497617642/1845693
244,/libro-la-mesa-moderna-cartas-sobre-el-comedor-y-la-cocina-cambiadas-en-tre-el-doctor-thebussem-y-un-cocinero-de-sm-ed-facsimil/9788497617642/1845693
245,
246,/libro-200-recetas-bajas-en-calorias/9788480769518/1844188
247,/libro-200-recetas-bajas-en-calorias/9788480769518/1844188
248,
249,/libro-helados-postres-y-cocina-con-frutos-secos-elaborados/9788496754164/1169949
250,/libro-helados-postres-y-cocina-con-frutos-secos-elaborados/9788496754164/1169949
251,
252,/libro-aperitivos/9788492520398/1614831
253,/libro-aperitivos/9788492520398/1614831
254,/libros-ebooks/mikel-iribarren/151669
255,/libro-cine-a-la-carta-con-recetas-practicas-para-cocinar-de-pelicula/9788496700093/1623350
256,/libro-cine-a-la-carta-con-recetas-practicas-para-cocinar-de-pelicula/9788496700093/1623350
257,
258,/libro-la-cocina-espanola-moderna-ed-facsimil/9788497617512/1774820
259,/libro-la-cocina-espanola-moderna-ed-facsimil/9788497617512/1774820
260,
261,/libro-el-practicon-tratado-completo-de-cocina-ed-facsimil/9788497617437/1774822
262,/libro-el-practicon-tratado-completo-de-cocina-ed-facsimil/9788497617437/1774822
263,
264,/libro-heladoschocolatesyogures-espumas-mousses-y-smoothies/9788499281469/1963494
265,/libro-heladoschocolatesyogures-espumas-mousses-y-smoothies/9788499281469/1963494
266,
267,/libro-el-practico-resumen-mundial-de-cocina-y-pasteleria-6500-recetas/9788492736898/1960015
268,/libro-el-practico-resumen-mundial-de-cocina-y-pasteleria-6500-recetas/9788492736898/1960015
269,/libros-ebooks/ramon-rabaso/5810
270,/libros-ebooks/fernando-aneiros/5811
271,/libro-la-cocina-espanola-antigua-clasicos-fascmil/9788490012031/1977254
272,/libro-la-cocina-espanola-antigua-clasicos-fascmil/9788490012031/1977254
273,/libros-ebooks/emilia-pardo-bazan/17622
274,/libro-el-gourmet-vegetariano/9788415541387/2014497
275,/libro-el-gourmet-vegetariano/9788415541387/2014497
276,/libros-ebooks/yotam-ottolenghi/20080569
277,/libro-pe-mis-recetas-favoritas/9788427039247/2029159
278,/libro-pe-mis-recetas-favoritas/9788427039247/2029159
279,/libros-ebooks/carlos-herrera/37093
280,/libro-la-cocina-al-vacio--sous--vide-cuisine-ed-bilingue-espanol-ing-les/9788472121508/2310599
281,/libro-la-cocina-al-vacio--sous--vide-cuisine-ed-bilingue-espanol-ing-les/9788472121508/2310599
282,
283,/libro-pe-tartas-festivas/9788415317685/2231110
284,/libro-pe-tartas-festivas/9788415317685/2231110
285,/libros-ebooks/peggy-porschen/147277
286,/libro-30-recetas-con-huevo/9788499282558/2204622
287,/libro-30-recetas-con-huevo/9788499282558/2204622
288,
289,/libro-la-comida-de-la-familia-ed-10-aniversario/9788491870449/12141399
290,/libro-la-comida-de-la-familia-ed-10-aniversario/9788491870449/12141399
291,/libros-ebooks/ferran-adria/77052
292,/libro-memoria-grafica-del-paladar/9788497042772/1139980
293,/libro-memoria-grafica-del-paladar/9788497042772/1139980
294,/libros-ebooks/belen-laguia/122661
295,/libro-enciclopedia-culinaria-confiteria-y-reposteria/9788467019919/1057731
296,/libro-enciclopedia-culinaria-confiteria-y-reposteria/9788467019919/1057731
297,/libros-ebooks/maria-parabere/111325
298,/libro-enciclopedia-culinaria-la-cocina-completa/9788467019902/1057732
299,/libro-enciclopedia-culinaria-la-cocina-completa/9788467019902/1057732
300,/libros-ebooks/maria-parabere/111325
301,/libro-les-mongetes-del-ganxet/9788493657833/1239330
302,/libro-les-mongetes-del-ganxet/9788493657833/1239330
303,
304,/libro-rosa-do-vino-a-cultura-do-vino-en-galicia/9788498652529/1687138
305,/libro-rosa-do-vino-a-cultura-do-vino-en-galicia/9788498652529/1687138
306,/libros-ebooks/xavier-castro/36042
307,/libro-mes-cuinetes/9788466414166/1943077
308,/libro-mes-cuinetes/9788466414166/1943077
309,/libros-ebooks/fermi-puig-botey/141338
310,/libro-la-carxofa/9788492607853/2078979
311,/libro-la-carxofa/9788492607853/2078979
312,
313,/libro-express/9788467064704/12657401
314,/libro-express/9788467064704/12657401
315,/libros-ebooks/chef-bosquet/20114469
316,/libro-la-cocina-de-tu-vida-950-recetas-faciles-rapidas-y-saludables/9788408249191/12514499
317,/libro-la-cocina-de-tu-vida-950-recetas-faciles-rapidas-y-saludables/9788408249191/12514499
318,/libros-ebooks/karlos-arguinano/10732
319,/libro-recetas-de-cocina-con-airfryer/9788467780345/12373777
320,/libro-recetas-de-cocina-con-airfryer/9788467780345/12373777
321,
322,/libro-las-recetas-de-blanca/9788418055164/12461673
323,/libro-las-recetas-de-blanca/9788418055164/12461673
324,/libros-ebooks/blanca-garcia-orea/20100229
325,/libro-las-recetas-de-las-peliculas-del-studio-ghibli/9788412033458/12399054
326,/libro-las-recetas-de-las-peliculas-del-studio-ghibli/9788412033458/12399054
327,/libros-ebooks/minh-tri-vo/20112317
328,/libro-100-recetas-para-hacer-al-menos-una-vez-en-la-vida/9788467063325/12381524
329,/libro-100-recetas-para-hacer-al-menos-una-vez-en-la-vida/9788467063325/12381524
330,/libros-ebooks/shine/20107307
331,/libro-cocina-y-punto---las-mejores-recetas-de-enrique-sanchez/9788478989133/12599231
332,/libro-cocina-y-punto---las-mejores-recetas-de-enrique-sanchez/9788478989133/12599231
333,/libros-ebooks/enrique-sanchez/20109611
334,/libro-amor-platonico/9788467063752/12499950
335,/libro-amor-platonico/9788467063752/12499950
336,/libros-ebooks/beatriz-satrustegui/20113186
337,/libro-come-genial-y-no-hagas-dieta-nunca-mas/9788408246190/12381591
338,/libro-come-genial-y-no-hagas-dieta-nunca-mas/9788408246190/12381591
339,/libros-ebooks/isasaweis/157428
340,/libro-cocina-para-la-tribu/9788416407996/12618983
341,/libro-cocina-para-la-tribu/9788416407996/12618983
342,/libros-ebooks/carolina-ferrer/20114103
343,/libros-ebooks/veronica-sanchez/20114104
344,/libro-foodtropia-como-comer-rico-y-sano/9788418055119/12382304
345,/libro-foodtropia-como-comer-rico-y-sano/9788418055119/12382304
346,/libros-ebooks/paola-freire/20112359
347,/libro-cocina-con-harry-potter/9788418128165/11854539
348,/libro-cocina-con-harry-potter/9788418128165/11854539
349,/libros-ebooks/dinah-bucholz/20109382
350,/libro-grecia-gastronomia/9780714874432/5202244
351,/libro-grecia-gastronomia/9780714874432/5202244
352,/libros-ebooks/vefa-alexiadou/150148
353,/libro-la-buena-cocina/9788408234555/11752918
354,/libro-la-buena-cocina/9788408234555/11752918
355,/libros-ebooks/karlos-arguinano/10732
356,/libro-cocina-simple/9788416295159/9852265
357,/libro-cocina-simple/9788416295159/9852265
358,/libros-ebooks/yotam-ottolenghi/20080569
359,/libro-pasteleria-ferrandi-todas-las-tecnicas-y-recetas-de-una-escuela-de-excelencia/9788417254841/7689638
360,/libro-pasteleria-ferrandi-todas-las-tecnicas-y-recetas-de-una-escuela-de-excelencia/9788417254841/7689638
361,
362,/libro-baby-led-weaning-edicion-revisada-y-actualizada-80-recetas-para-que-tu-hijo-coma-solo/9788418055027/12135122
363,/libro-baby-led-weaning-edicion-revisada-y-actualizada-80-recetas-para-que-tu-hijo-coma-solo/9788418055027/12135122
364,/libros-ebooks/begona-prats/20099122
365,/libro-irresistiblemente-veganas/9788418820229/12622953
366,/libro-irresistiblemente-veganas/9788418820229/12622953
367,/libros-ebooks/romi-sanzel/20113864
368,/libros-ebooks/sara-parquez-living-like-a-panda/20114028
369,/libro-terrinas-rillettes-salchichas-y-ptes-en-croute/9788408248392/12622851
370,/libro-terrinas-rillettes-salchichas-y-ptes-en-croute/9788408248392/12622851
371,/libros-ebooks/gilles-verot/20114196
372,/libros-ebooks/nicolas-verot/20114197
373,/libro-escuela-de-pasteleria-vegana/9788418473951/12597689
374,/libro-escuela-de-pasteleria-vegana/9788418473951/12597689
375,/libros-ebooks/toni-rodriguez/20077901
376,/libro-escuela-de-cocina-japonesa/9788417720575/10079240
377,/libro-escuela-de-cocina-japonesa/9788417720575/10079240
378,
379,/libro-como-hacer-quesos-artesanos/9788417757205/10072599
380,/libro-como-hacer-quesos-artesanos/9788417757205/10072599
381,
382,/libro-ramen/9788448026752/11203756
383,/libro-ramen/9788448026752/11203756
384,/libros-ebooks/hugh-amano/20109959
385,/libros-ebooks/sarah-becan/20109960
386,/libro-cocina-india/9788408218005/11347206
387,/libro-cocina-india/9788408218005/11347206
388,/libros-ebooks/asma-khan/20108868
389,/libro-la-biblia-de-masterchef/9788467058895/11347333
390,/libro-la-biblia-de-masterchef/9788467058895/11347333
391,/libros-ebooks/shine/20107307
392,/libro-100-papillas-para-tu-bebe/9788417080464/10038652
393,/libro-100-papillas-para-tu-bebe/9788417080464/10038652
394,
395,/libro-cocina-sin-verguenza/9788418006968/11723694
396,/libro-cocina-sin-verguenza/9788418006968/11723694
397,/libros-ebooks/david-de-jorge/97487
398,/libros-ebooks/martin-berasategui/44149
399,/libro-gipsy-chef/9788448028008/11753048
400,/libro-gipsy-chef/9788448028008/11753048
401,/libros-ebooks/pablo-albuerne/20109053
402,/libro-slow-cooker-vegetal-recetas-veganas-para-olla-de-coccion-lenta/9788418100680/11650326
403,/libro-slow-cooker-vegetal-recetas-veganas-para-olla-de-coccion-lenta/9788418100680/11650326
404,/libros-ebooks/marta-miranda-arbizu/20098696
405,/libro-la-ciencia-de-las-especias/9780241433423/11543653
406,/libro-la-ciencia-de-las-especias/9780241433423/11543653
407,
408,/libro-begin-vegan-begun-dos-semanas-de-recetas-veganas/9788448026073/9660615
409,/libro-begin-vegan-begun-dos-semanas-de-recetas-veganas/9788448026073/9660615
410,/libros-ebooks/aida-lidice/20107251
411,/libro-un-viaje-sentimental-al-jerez/9788412455922/12692392
412,/libro-un-viaje-sentimental-al-jerez/9788412455922/12692392
413,/libros-ebooks/jose-vicente-quirante-rives/20102503
414,/libro-recetas-para-prevenir-el-cancer-de-mama/9788416407170/4138413
415,/libro-recetas-para-prevenir-el-cancer-de-mama/9788416407170/4138413
416,/libros-ebooks/mohamed-keshtgar/20098196
417,/libro-biblia-vegetariana-la-gran-guia-de-la-cocina-natural-y-la-alimentacion-sana/9788416267231/4487313
418,/libro-biblia-vegetariana-la-gran-guia-de-la-cocina-natural-y-la-alimentacion-sana/9788416267231/4487313
419,
420,/libro-sabores-de-corea/9788426144010/6033359
421,/libro-sabores-de-corea/9788426144010/6033359
422,
423,/libro-la-ciencia-de-la-pasteleria-las-bases/9788417127077/5968002
424,/libro-la-ciencia-de-la-pasteleria-las-bases/9788417127077/5968002
425,
426,/libro-la-cuisine-catalane-vol-2/9782849742549/6341751
427,/libro-la-cuisine-catalane-vol-2/9782849742549/6341751
428,
429,/libro-recetas-de-pelicula--disney/9788417586478/10110226
430,/libro-recetas-de-pelicula--disney/9788417586478/10110226
431,/libros-ebooks/thibaud-villanova/20099965
432,/libro-revitalizate-las-mejores-recetas-de-la-cocina-energetica/9788491180487/3019642
433,/libro-revitalizate-las-mejores-recetas-de-la-cocina-energetica/9788491180487/3019642
434,/libros-ebooks/jorge-perez-calvo/20087356
435,/libro-vida-sana-thermomix/9788460875741/6392449
436,/libro-vida-sana-thermomix/9788460875741/6392449
437,
